{
  "model_summary": {
    "EB5-midtrain": {
      "dsv1_total": 46.146428571428565,
      "dsv2_total": 31.485000000000003,
      "delta_total": -14.661428571428562,
      "dsv1_content": 39.700714285714284,
      "dsv2_content": 22.682000000000002,
      "delta_content": -17.01871428571428,
      "dsv1_process": 61.190714285714286,
      "dsv2_process": 52.024,
      "delta_process": -9.166714285714285,
      "dsv1_n": 14,
      "dsv2_n": 10
    },
    "claude-4.5": {
      "dsv1_total": 68.53714285714285,
      "dsv2_total": 83.514,
      "delta_total": 14.976857142857142,
      "dsv1_content": 63.40428571428571,
      "dsv2_content": 80.17999999999999,
      "delta_content": 16.77571428571428,
      "dsv1_process": 80.50857142857141,
      "dsv2_process": 91.288,
      "delta_process": 10.779428571428582,
      "dsv1_n": 14,
      "dsv2_n": 10
    },
    "claude-4.6": {
      "dsv1_total": 71.36142857142856,
      "dsv2_total": 83.37,
      "delta_total": 12.008571428571443,
      "dsv1_content": 69.545,
      "dsv2_content": 81.047,
      "delta_content": 11.501999999999995,
      "dsv1_process": 75.60428571428572,
      "dsv2_process": 88.789,
      "delta_process": 13.184714285714279,
      "dsv1_n": 14,
      "dsv2_n": 10
    },
    "doubao-2.0-pro": {
      "dsv1_total": 74.09285714285714,
      "dsv2_total": null,
      "delta_total": null,
      "dsv1_content": 72.73071428571428,
      "dsv2_content": null,
      "delta_content": null,
      "dsv1_process": 77.27571428571427,
      "dsv2_process": null,
      "delta_process": null,
      "dsv1_n": 14,
      "dsv2_n": 0
    },
    "ernie-5.0": {
      "dsv1_total": 50.23285714285714,
      "dsv2_total": 50.644,
      "delta_total": 0.41114285714285614,
      "dsv1_content": 46.44357142857143,
      "dsv2_content": 44.678000000000004,
      "delta_content": -1.7655714285714268,
      "dsv1_process": 59.074999999999996,
      "dsv2_process": 64.56800000000001,
      "delta_process": 5.493000000000016,
      "dsv1_n": 14,
      "dsv2_n": 10
    },
    "gemini-3-pro": {
      "dsv1_total": 67.45285714285714,
      "dsv2_total": 82.955,
      "delta_total": 15.502142857142857,
      "dsv1_content": 63.38857142857143,
      "dsv2_content": 84.337,
      "delta_content": 20.948428571428572,
      "dsv1_process": 76.93571428571428,
      "dsv2_process": 79.73400000000001,
      "delta_process": 2.7982857142857256,
      "dsv1_n": 14,
      "dsv2_n": 10
    },
    "glm-4.7": {
      "dsv1_total": 33.4225,
      "dsv2_total": 34.26,
      "delta_total": 0.8374999999999986,
      "dsv1_content": 27.09,
      "dsv2_content": 25.636666666666667,
      "delta_content": -1.4533333333333331,
      "dsv1_process": 48.1925,
      "dsv2_process": 54.376666666666665,
      "delta_process": 6.184166666666663,
      "dsv1_n": 4,
      "dsv2_n": 3
    },
    "kimi-k2.5": {
      "dsv1_total": 64.93571428571428,
      "dsv2_total": 69.96900000000001,
      "delta_total": 5.033285714285725,
      "dsv1_content": 58.362857142857145,
      "dsv2_content": 64.875,
      "delta_content": 6.512142857142855,
      "dsv1_process": 80.27357142857143,
      "dsv2_process": 81.85799999999999,
      "delta_process": 1.5844285714285604,
      "dsv1_n": 14,
      "dsv2_n": 10
    },
    "qwen3-max": {
      "dsv1_total": 60.11357142857143,
      "dsv2_total": 72.28399999999999,
      "delta_total": 12.170428571428559,
      "dsv1_content": 60.68714285714286,
      "dsv2_content": 64.089,
      "delta_content": 3.401857142857139,
      "dsv1_process": 58.78071428571428,
      "dsv2_process": 91.402,
      "delta_process": 32.62128571428572,
      "dsv1_n": 14,
      "dsv2_n": 10
    }
  },
  "paired_summary": {
    "EB5-midtrain": {
      "dsv1_total": 34.836666666666666,
      "dsv2_total": 42.233333333333334,
      "delta_total": 7.396666666666668,
      "dsv1_content": 25.01,
      "dsv2_content": 35.873333333333335,
      "delta_content": 10.863333333333333,
      "dsv1_process": 57.76833333333334,
      "dsv2_process": 57.071666666666665,
      "delta_process": -0.6966666666666725,
      "pairs": 6
    },
    "claude-4.5": {
      "dsv1_total": 71.91166666666666,
      "dsv2_total": 80.73166666666667,
      "delta_total": 8.820000000000007,
      "dsv1_content": 63.53,
      "dsv2_content": 76.705,
      "delta_content": 13.174999999999997,
      "dsv1_process": 91.46,
      "dsv2_process": 90.12333333333333,
      "delta_process": -1.336666666666659,
      "pairs": 6
    },
    "claude-4.6": {
      "dsv1_total": 69.38,
      "dsv2_total": 90.44833333333332,
      "delta_total": 21.068333333333328,
      "dsv1_content": 64.08666666666666,
      "dsv2_content": 89.40500000000002,
      "delta_content": 25.318333333333356,
      "dsv1_process": 81.74,
      "dsv2_process": 92.88333333333333,
      "delta_process": 11.14333333333333,
      "pairs": 6
    },
    "doubao-2.0-pro": {
      "dsv1_total": null,
      "dsv2_total": null,
      "delta_total": null,
      "dsv1_content": null,
      "dsv2_content": null,
      "delta_content": null,
      "dsv1_process": null,
      "dsv2_process": null,
      "delta_process": null,
      "pairs": 0
    },
    "ernie-5.0": {
      "dsv1_total": 52.845,
      "dsv2_total": 44.49333333333333,
      "delta_total": -8.351666666666667,
      "dsv1_content": 43.82,
      "dsv2_content": 37.25833333333333,
      "delta_content": -6.561666666666667,
      "dsv1_process": 73.89833333333333,
      "dsv2_process": 61.379999999999995,
      "delta_process": -12.51833333333333,
      "pairs": 6
    },
    "gemini-3-pro": {
      "dsv1_total": 68.98833333333333,
      "dsv2_total": 83.7,
      "delta_total": 14.711666666666673,
      "dsv1_content": 61.879999999999995,
      "dsv2_content": 85.855,
      "delta_content": 23.97500000000001,
      "dsv1_process": 85.58,
      "dsv2_process": 78.67166666666667,
      "delta_process": -6.908333333333331,
      "pairs": 6
    },
    "glm-4.7": {
      "dsv1_total": 51.58,
      "dsv2_total": 39.26,
      "delta_total": -12.32,
      "dsv1_content": 48.68,
      "dsv2_content": 36.44,
      "delta_content": -12.240000000000002,
      "dsv1_process": 58.33,
      "dsv2_process": 45.83,
      "delta_process": -12.5,
      "pairs": 1
    },
    "kimi-k2.5": {
      "dsv1_total": 65.8,
      "dsv2_total": 68.78666666666668,
      "delta_total": 2.986666666666679,
      "dsv1_content": 54.93333333333334,
      "dsv2_content": 62.80833333333334,
      "delta_content": 7.875,
      "dsv1_process": 91.15499999999999,
      "dsv2_process": 82.735,
      "delta_process": -8.419999999999987,
      "pairs": 6
    },
    "qwen3-max": {
      "dsv1_total": 58.26833333333334,
      "dsv2_total": 72.77333333333333,
      "delta_total": 14.504999999999988,
      "dsv1_content": 56.53,
      "dsv2_content": 62.47666666666667,
      "delta_content": 5.946666666666665,
      "dsv1_process": 62.33166666666667,
      "dsv2_process": 96.79833333333333,
      "delta_process": 34.46666666666666,
      "pairs": 6
    }
  },
  "subcat_deltas_top40": [
    {
      "model": "glm-4.7",
      "subcategory": "structural_design",
      "v1_pass_rate": 0.0,
      "v2_pass_rate": 1.0,
      "delta_pp": 100.0,
      "v1_n": 4,
      "v2_n": 3
    },
    {
      "model": "qwen3-max",
      "subcategory": "log_file_creation",
      "v1_pass_rate": 0.0,
      "v2_pass_rate": 1.0,
      "delta_pp": 100.0,
      "v1_n": 14,
      "v2_n": 10
    },
    {
      "model": "kimi-k2.5",
      "subcategory": "character_presence_in_chapters",
      "v1_pass_rate": 0.9090909090909091,
      "v2_pass_rate": 0.0,
      "delta_pp": -90.9090909090909,
      "v1_n": 11,
      "v2_n": 1
    },
    {
      "model": "kimi-k2.5",
      "subcategory": "character_presence_in_outline",
      "v1_pass_rate": 0.9090909090909091,
      "v2_pass_rate": 0.0,
      "delta_pp": -90.9090909090909,
      "v1_n": 11,
      "v2_n": 1
    },
    {
      "model": "claude-4.5",